500, 1.0000000e+00
525, 1.0000000e+00
550, 1.0000000e+00
575, 1.0000000e+00
600, 1.0000000e+00
625, 1.0000000e+00
650, 1.0000000e+00
675, 1.0000000e+00
700, 1.0000000e+00
725, 1.0000000e+00
750, 1.0000000e+00
775, 1.0000000e+00
800, 1.0000000e+00
825, 1.0000000e+00
850, 1.0000000e+00
875, 1.0000000e+00
900, 1.0000000e+00
925, 1.0000000e+00
950, 1.0000000e+00
975, 1.0000000e+00
1000, 1.0000000e+00
1025, 1.0000000e+00
1050, 1.0000000e+00
1075, 1.0000000e+00
1100, 1.0000000e+00
1125, 1.0000000e+00
1150, 1.0000000e+00
1175, 1.0000000e+00
1200, 1.0000000e+00
1225, 1.0000000e+00
1250, 1.0000000e+00
1275, 1.0000000e+00
1300, 1.0000000e+00
1325, 1.0000000e+00
1350, 1.0000000e+00
1375, 1.0000000e+00
1400, 1.0000000e+00
1425, 1.0000000e+00
1450, 1.0000000e+00
1475, 1.0000000e+00
1500, 1.0000000e+00
1525, 1.0000000e+00
1550, 1.0000000e+00
1575, 1.0000000e+00
1600, 1.0000000e+00
1625, 1.0000000e+00
1650, 1.0000000e+00
1675, 1.0000000e+00
1700, 1.0000000e+00
1725, 1.0000000e+00
1750, 1.0000000e+00
1775, 1.0000000e+00
1800, 1.0000000e+00
1825, 1.0000000e+00
1850, 1.0000000e+00
1875, 1.0000000e+00
1900, 1.0000000e+00
1925, 1.0000000e+00
1950, 1.0000000e+00
1975, 1.0000000e+00
2000, 1.0000000e+00
2025, 1.0000000e+00
2050, 1.0000000e+00
2075, 1.0000000e+00
2100, 1.0000000e+00
2125, 1.0000000e+00
2150, 1.0000000e+00
2175, 1.0000000e+00
2200, 1.0000000e+00
2225, 1.0000000e+00
2250, 1.0000000e+00
2275, 1.0000000e+00
2300, 1.0000000e+00
2325, 1.0000000e+00
2350, 1.0000000e+00
2375, 1.0000000e+00
2400, 1.0000000e+00
2425, 1.0000000e+00
2450, 1.0000000e+00
2475, 1.0000000e+00
2500, 9.9999997e-01
2525, 9.9999927e-01
2550, 1.0000000e+00
2575, 1.0000000e+00
2600, 1.0000000e+00
2625, 1.0000000e+00
2650, 9.9989942e-01
2675, 1.0000000e+00
2700, 1.0000000e+00
2725, 1.0000000e+00
2750, 1.0000000e+00
2775, 1.0000000e+00
2800, 1.0000000e+00
2825, 1.0000000e+00
2850, 1.0000000e+00
2875, 1.0000000e+00
2900, 1.0000000e+00
2925, 1.0000000e+00
2950, 1.0000000e+00
2975, 1.0000000e+00
3000, 1.0000000e+00
3025, 1.0000000e+00
3050, 1.0000000e+00
3075, 1.0000000e+00
3100, 1.0000000e+00
3125, 1.0000000e+00
3150, 1.0000000e+00
3175, 1.0000000e+00
3200, 1.0000000e+00
3225, 1.0000000e+00
3250, 1.0000000e+00
3275, 1.0000000e+00
3300, 1.0000000e+00
3325, 1.0000000e+00
3350, 1.0000000e+00
3375, 1.0000000e+00
3400, 1.0000000e+00
3425, 1.0000000e+00
3450, 1.0000000e+00
3475, 1.0000000e+00
3500, 1.0000000e+00
3525, 1.0000000e+00
3550, 1.0000000e+00
3575, 1.0000000e+00
3600, 1.0000000e+00
3625, 1.0000000e+00
3650, 1.0000000e+00
3675, 1.0000000e+00
3700, 1.0000000e+00
3725, 1.0000000e+00
3750, 1.0000000e+00
3775, 1.0000000e+00
3800, 1.0000000e+00
3825, 1.0000000e+00
3850, 1.0000000e+00
3875, 1.0000000e+00
3900, 1.0000000e+00
3925, 1.0000000e+00
3950, 1.0000000e+00
3975, 1.0000000e+00
4000, 1.0000000e+00
4025, 1.0000000e+00
4050, 1.0000000e+00
4075, 1.0000000e+00
4100, 1.0000000e+00
4125, 1.0000000e+00
4150, 1.0000000e+00
4175, 1.0000000e+00
4200, 1.0000000e+00
4225, 1.0000000e+00
4250, 1.0000000e+00
4275, 1.0000000e+00
4300, 1.0000000e+00
4325, 1.0000000e+00
4350, 1.0000000e+00
4375, 1.0000000e+00
4400, 1.0000000e+00
4425, 1.0000000e+00
4450, 1.0000000e+00
4475, 1.0000000e+00
4500, 1.0000000e+00
4525, 1.0000000e+00
4550, 1.0000000e+00
4575, 1.0000000e+00
4600, 1.0000000e+00
4625, 1.0000000e+00
4650, 1.0000000e+00
4675, 1.0000000e+00
4700, 1.0000000e+00
4725, 1.0000000e+00
4750, 1.0000000e+00
4775, 1.0000000e+00
4800, 1.0000000e+00
4825, 1.0000000e+00
4850, 1.0000000e+00
4875, 1.0000000e+00
4900, 1.0000000e+00
4925, 1.0000000e+00
4950, 1.0000000e+00
4975, 1.0000000e+00
5000, 1.0000000e+00
5025, 1.0000000e+00
5050, 1.0000000e+00
5075, 1.0000000e+00
5100, 1.0000000e+00
5125, 1.0000000e+00
5150, 1.0000000e+00
5175, 1.0000000e+00
5200, 1.0000000e+00
5225, 1.0000000e+00
5250, 1.0000000e+00
5275, 1.0000000e+00
5300, 1.0000000e+00
5325, 1.0000000e+00
5350, 1.0000000e+00
5375, 1.0000000e+00
5400, 1.0000000e+00
5425, 1.0000000e+00
5450, 1.0000000e+00
5475, 1.0000000e+00
5500, 1.0000000e+00
5525, 1.0000000e+00
5550, 1.0000000e+00
5575, 1.0000000e+00
5600, 1.0000000e+00
5625, 1.0000000e+00
5650, 1.0000000e+00
5675, 1.0000000e+00
5700, 1.0000000e+00
5725, 1.0000000e+00
5750, 1.0000000e+00
5775, 1.0000000e+00
5800, 1.0000000e+00
5825, 1.0000000e+00
5850, 1.0000000e+00
5875, 1.0000000e+00
5900, 1.0000000e+00
5925, 1.0000000e+00
5950, 1.0000000e+00
5975, 1.0000000e+00
6000, 1.0000000e+00
6025, 1.0000000e+00
6050, 1.0000000e+00
6075, 1.0000000e+00
6100, 1.0000000e+00
6125, 1.0000000e+00
6150, 1.0000000e+00
6175, 1.0000000e+00
6200, 1.0000000e+00
6225, 1.0000000e+00
6250, 1.0000000e+00
6275, 1.0000000e+00
6300, 1.0000000e+00
6325, 1.0000000e+00
6350, 1.0000000e+00
6375, 1.0000000e+00
6400, 1.0000000e+00
6425, 1.0000000e+00
6450, 1.0000000e+00
6475, 1.0000000e+00
6500, 1.0000000e+00
6525, 1.0000000e+00
6550, 1.0000000e+00
6575, 1.0000000e+00
6600, 1.0000000e+00
6625, 1.0000000e+00
6650, 1.0000000e+00
6675, 1.0000000e+00
6700, 1.0000000e+00
6725, 1.0000000e+00
6750, 1.0000000e+00
6775, 1.0000000e+00
6800, 1.0000000e+00
6825, 1.0000000e+00
6850, 1.0000000e+00
6875, 1.0000000e+00
6900, 1.0000000e+00
6925, 1.0000000e+00
6950, 1.0000000e+00
6975, 1.0000000e+00
7000, 1.0000000e+00
7025, 1.0000000e+00
7050, 1.0000000e+00
7075, 1.0000000e+00
7100, 1.0000000e+00
7125, 1.0000000e+00
7150, 1.0000000e+00
7175, 1.0000000e+00
7200, 1.0000000e+00
7225, 1.0000000e+00
7250, 1.0000000e+00
7275, 1.0000000e+00
7300, 1.0000000e+00
7325, 1.0000000e+00
7350, 1.0000000e+00
7375, 1.0000000e+00
7400, 1.0000000e+00
7425, 1.0000000e+00
7450, 1.0000000e+00
7475, 1.0000000e+00
7500, 1.0000000e+00
7525, 1.0000000e+00
7550, 1.0000000e+00
7575, 1.0000000e+00
7600, 1.0000000e+00
7625, 1.0000000e+00
7650, 1.0000000e+00
7675, 1.0000000e+00
7700, 1.0000000e+00
7725, 1.0000000e+00
7750, 1.0000000e+00
7775, 1.0000000e+00
7800, 1.0000000e+00
7825, 1.0000000e+00
7850, 1.0000000e+00
7875, 1.0000000e+00
7900, 1.0000000e+00
7925, 1.0000000e+00
7950, 1.0000000e+00
7975, 1.0000000e+00
8000, 1.0000000e+00
8025, 1.0000000e+00
8050, 9.9999994e-01
8075, 1.0000000e+00
8100, 1.0000000e+00
8125, 1.0000000e+00
8150, 1.0000000e+00
8175, 1.0000000e+00
8200, 1.0000000e+00
8225, 1.0000000e+00
8250, 1.0000000e+00
8275, 1.0000000e+00
8300, 1.0000000e+00
8325, 1.0000000e+00
8350, 1.0000000e+00
8375, 1.0000000e+00
8400, 1.0000000e+00
8425, 1.0000000e+00
8450, 1.0000000e+00
8475, 1.0000000e+00
8500, 1.0000000e+00
8525, 1.0000000e+00
8550, 1.0000000e+00
8575, 1.0000000e+00
8600, 1.0000000e+00
8625, 1.0000000e+00
8650, 1.0000000e+00
8675, 1.0000000e+00
8700, 1.0000000e+00
8725, 1.0000000e+00
8750, 1.0000000e+00
8775, 1.0000000e+00
8800, 1.0000000e+00
8825, 1.0000000e+00
8850, 1.0000000e+00
8875, 1.0000000e+00
8900, 1.0000000e+00
8925, 1.0000000e+00
8950, 1.0000000e+00
8975, 1.0000000e+00
9000, 1.0000000e+00
9025, 1.0000000e+00
9050, 1.0000000e+00
9075, 1.0000000e+00
9100, 1.0000000e+00
9125, 1.0000000e+00
9150, 1.0000000e+00
9175, 1.0000000e+00
9200, 1.0000000e+00
9225, 1.0000000e+00
9250, 1.0000000e+00
9275, 1.0000000e+00
9300, 1.0000000e+00
9325, 1.0000000e+00
9350, 1.0000000e+00
9375, 1.0000000e+00
9400, 1.0000000e+00
9425, 1.0000000e+00
9450, 1.0000000e+00
9475, 1.0000000e+00
9500, 1.0000000e+00
9525, 1.0000000e+00
9550, 1.0000000e+00
9575, 1.0000000e+00
9600, 1.0000000e+00
9625, 1.0000000e+00
9650, 1.0000000e+00
9675, 1.0000000e+00
9700, 1.0000000e+00
9725, 1.0000000e+00
9750, 1.0000000e+00
9775, 1.0000000e+00
9800, 1.0000000e+00
9825, 1.0000000e+00
9850, 1.0000000e+00
9875, 1.0000000e+00
9900, 1.0000000e+00
9925, 1.0000000e+00
9950, 1.0000000e+00
9975, 1.0000000e+00
10000, 1.0000000e+00
10025, 1.0000000e+00
10050, 1.0000000e+00
10075, 1.0000000e+00
10100, 1.0000000e+00
10125, 1.0000000e+00
10150, 1.0000000e+00
10175, 1.0000000e+00
10200, 1.0000000e+00
10225, 1.0000000e+00
10250, 1.0000000e+00
10275, 1.0000000e+00
10300, 1.0000000e+00
10325, 1.0000000e+00
10350, 1.0000000e+00
10375, 1.0000000e+00
10400, 1.0000000e+00
10425, 1.0000000e+00
10450, 1.0000000e+00
10475, 1.0000000e+00
10500, 1.0000000e+00
10525, 1.0000000e+00
10550, 1.0000000e+00
10575, 1.0000000e+00
10600, 1.0000000e+00
10625, 1.0000000e+00
10650, 1.0000000e+00
10675, 1.0000000e+00
10700, 1.0000000e+00
10725, 1.0000000e+00
10750, 1.0000000e+00
10775, 1.0000000e+00
10800, 1.0000000e+00
10825, 1.0000000e+00
10850, 1.0000000e+00
10875, 1.0000000e+00
10900, 1.0000000e+00
10925, 1.0000000e+00
10950, 1.0000000e+00
10975, 1.0000000e+00
11000, 1.0000000e+00
11025, 1.0000000e+00
11050, 1.0000000e+00
11075, 1.0000000e+00
11100, 1.0000000e+00
11125, 1.0000000e+00
11150, 1.0000000e+00
11175, 1.0000000e+00
11200, 1.0000000e+00
11225, 1.0000000e+00
11250, 1.0000000e+00
11275, 1.0000000e+00
11300, 1.0000000e+00
11325, 1.0000000e+00
11350, 1.0000000e+00
11375, 1.0000000e+00
11400, 1.0000000e+00
11425, 1.0000000e+00
11450, 1.0000000e+00
11475, 1.0000000e+00
11500, 1.0000000e+00
11525, 1.0000000e+00
11550, 1.0000000e+00
11575, 1.0000000e+00
11600, 1.0000000e+00
11625, 1.0000000e+00
11650, 1.0000000e+00
11675, 1.0000000e+00
11700, 1.0000000e+00
11725, 9.9986250e-01
11750, 1.0000000e+00
11775, 1.0000000e+00
11800, 1.0000000e+00
11825, 1.0000000e+00
11850, 1.0000000e+00
11875, 9.9999999e-01
11900, 1.0000000e+00
11925, 1.0000000e+00
11950, 9.9999982e-01
11975, 9.9999941e-01
12000, 9.9999997e-01
12025, 1.0000000e+00
12050, 1.0000000e+00
12075, 9.9999974e-01
12100, 9.9999776e-01
12125, 9.9999946e-01
12150, 1.0000000e+00
12175, 1.0000000e+00
12200, 1.0000000e+00
12225, 1.0000000e+00
12250, 1.0000000e+00
12275, 1.0000000e+00
12300, 1.0000000e+00
12325, 1.0000000e+00
12350, 1.0000000e+00
12375, 1.0000000e+00
12400, 1.0000000e+00
12425, 1.0000000e+00
12450, 1.0000000e+00
12475, 1.0000000e+00
12500, 1.0000000e+00
12525, 1.0000000e+00
12550, 1.0000000e+00
12575, 1.0000000e+00
12600, 1.0000000e+00
12625, 1.0000000e+00
12650, 1.0000000e+00
12675, 1.0000000e+00
12700, 1.0000000e+00
12725, 1.0000000e+00
12750, 1.0000000e+00
12775, 1.0000000e+00
12800, 1.0000000e+00
12825, 1.0000000e+00
12850, 1.0000000e+00
12875, 1.0000000e+00
12900, 1.0000000e+00
12925, 1.0000000e+00
12950, 1.0000000e+00
12975, 1.0000000e+00
13000, 1.0000000e+00
13025, 1.0000000e+00
13050, 1.0000000e+00
13075, 1.0000000e+00
13100, 1.0000000e+00
13125, 1.0000000e+00
13150, 1.0000000e+00
13175, 1.0000000e+00
13200, 1.0000000e+00
13225, 1.0000000e+00
13250, 1.0000000e+00
13275, 1.0000000e+00
13300, 1.0000000e+00
13325, 1.0000000e+00
13350, 1.0000000e+00
13375, 1.0000000e+00
13400, 1.0000000e+00
13425, 1.0000000e+00
13450, 1.0000000e+00
13475, 1.0000000e+00
13500, 1.0000000e+00
13525, 1.0000000e+00
13550, 1.0000000e+00
13575, 1.0000000e+00
13600, 1.0000000e+00
13625, 1.0000000e+00
13650, 1.0000000e+00
13675, 1.0000000e+00
13700, 1.0000000e+00
13725, 1.0000000e+00
13750, 1.0000000e+00
13775, 1.0000000e+00
13800, 1.0000000e+00
13825, 1.0000000e+00
13850, 1.0000000e+00
13875, 1.0000000e+00
13900, 1.0000000e+00
13925, 1.0000000e+00
13950, 1.0000000e+00
13975, 1.0000000e+00
14000, 1.0000000e+00
14025, 1.0000000e+00
14050, 1.0000000e+00
14075, 1.0000000e+00
14100, 1.0000000e+00
14125, 1.0000000e+00
14150, 1.0000000e+00
14175, 1.0000000e+00
14200, 1.0000000e+00
14225, 1.0000000e+00
14250, 1.0000000e+00
14275, 1.0000000e+00
14300, 1.0000000e+00
14325, 1.0000000e+00
14350, 1.0000000e+00
14375, 1.0000000e+00
14400, 1.0000000e+00
14425, 1.0000000e+00
14450, 1.0000000e+00
14475, 9.1034031e-01
14500, 1.4992366e-01
14525, 5.8814260e-01
14550, 9.8188505e-01
14575, 9.7533123e-01
14600, 9.3092316e-01
14625, 9.2845873e-01
14650, 1.0000000e+00
14675, 9.9999999e-01
14700, 9.9057764e-01
14725, 9.9549979e-01
14750, 9.9979487e-01
14775, 9.9988446e-01
14800, 9.6624536e-01
14825, 9.8060174e-01
14850, 5.9055412e-01
14875, 9.9893186e-01
14900, 1.0000000e+00
14925, 1.0000000e+00
14950, 9.9999985e-01
14975, 9.8473298e-01
15000, 9.9993505e-01
15025, 1.0000000e+00
15050, 1.0000000e+00
15075, 1.0000000e+00
15100, 1.0000000e+00
15125, 9.9999877e-01
15150, 6.6946654e-01
15175, 8.7239725e-01
15200, 9.9577861e-01
15225, 9.9999844e-01
15250, 1.0000000e+00
15275, 1.0000000e+00
15300, 1.0000000e+00
15325, 1.0000000e+00
15350, 1.0000000e+00
15375, 9.9999997e-01
15400, 9.9999998e-01
15425, 9.9999918e-01
15450, 9.9964536e-01
15475, 9.9999952e-01
15500, 1.0000000e+00
15525, 9.9757480e-01
15550, 9.9990786e-01
15575, 9.7578856e-01
15600, 9.8598691e-01
15625, 9.9997910e-01
15650, 1.0000000e+00
15675, 9.9999999e-01
15700, 9.9999972e-01
15725, 9.9866055e-01
15750, 9.8857515e-01
15775, 7.3583172e-01
15800, 7.2472835e-02
15825, 2.5151360e-02
15850, 9.8994468e-02
15875, 4.0068726e-01
15900, 5.5748433e-03
15925, 1.4645616e-02
15950, 7.8114993e-03
15975, 2.7423271e-02
16000, 3.0388760e-03
16025, 6.6671958e-03
16050, 3.8572371e-03
16075, 1.7373748e-04
16100, 1.0630136e-03
16125, 5.3429804e-02
16150, 2.7960822e-01
16175, 9.6426496e-01
16200, 7.8468171e-01
16225, 9.8071919e-01
16250, 1.0363128e-01
16275, 6.5117105e-04
16300, 7.2844332e-02
16325, 2.4670926e-01
16350, 3.1942104e-02
16375, 5.5345137e-01
16400, 8.8932019e-01
16425, 6.1836809e-01
16450, 2.8145987e-01
16475, 5.5377910e-02
16500, 7.1797072e-02
16525, 4.8680074e-02
16550, 1.9665182e-01
16575, 9.9999916e-01
16600, 9.9990961e-01
16625, 9.0956551e-01
16650, 9.7640917e-01
16675, 1.0000000e+00
16700, 9.9994802e-01
16725, 9.7747766e-02
16750, 8.1821274e-02
16775, 9.0004611e-02
16800, 5.7874293e-01
16825, 8.6488573e-01
16850, 7.2821356e-01
16875, 5.9259317e-02
16900, 6.6508569e-01
16925, 4.2951667e-02
16950, 2.5344815e-04
16975, 3.8453122e-04
17000, 3.5813530e-03
17025, 9.5953099e-04
17050, 4.9671201e-03
17075, 2.7334962e-03
17100, 2.4418700e-02
17125, 8.2383219e-02
17150, 5.7688310e-01
17175, 5.5729110e-01
17200, 2.3481882e-01
17225, 5.8404601e-03
17250, 2.5599216e-02
17275, 9.0857069e-01
17300, 9.0000555e-01
17325, 1.5246159e-02
17350, 2.5311773e-02
17375, 1.8177623e-02
17400, 8.0700452e-04
17425, 9.1722965e-04
17450, 1.8455220e-01
17475, 9.7995244e-01
17500, 7.1993912e-01
17525, 6.2974200e-01
17550, 9.2961539e-01
17575, 4.6154101e-01
17600, 9.9996424e-01
17625, 9.9999991e-01
17650, 9.8465780e-01
17675, 6.3846570e-02
17700, 1.4888674e-01
17725, 9.2279363e-01
17750, 8.8027905e-01
17775, 9.1539674e-01
17800, 9.9907208e-01
17825, 9.9993137e-01
17850, 9.9999355e-01
17875, 9.9999214e-01
17900, 4.1896995e-01
17925, 1.5599320e-01
17950, 9.5427567e-01
17975, 7.6281164e-01
18000, 9.4666332e-01
18025, 8.3290584e-01
18050, 1.6936926e-01
18075, 1.9804036e-01
18100, 3.6532037e-01
18125, 2.6610157e-01
18150, 5.3457449e-01
18175, 1.4443635e-01
18200, 1.3322981e-01
18225, 2.2353763e-01
18250, 3.4353099e-01
18275, 2.2469538e-01
18300, 8.8226835e-04
18325, 1.7983512e-05
18350, 4.7009622e-07
18375, 3.0588357e-05
18400, 1.8950680e-03
18425, 5.3511248e-01
18450, 3.0206711e-01
18475, 5.1936694e-04
18500, 1.0979586e-05
18525, 2.3492346e-04
18550, 1.4166959e-03
18575, 3.7391357e-02
18600, 1.4876485e-02
18625, 4.2223503e-02
18650, 1.3100135e-02
18675, 4.6645934e-03
18700, 3.1214928e-04
18725, 4.1769564e-02
18750, 8.1907397e-02
18775, 9.9022819e-01
18800, 9.0735262e-01
18825, 5.4503403e-01
18850, 3.3611113e-01
18875, 2.8876806e-02
18900, 7.4036948e-01
18925, 9.6629884e-01
18950, 4.4194678e-01
18975, 9.9760763e-01
19000, 1.0106686e-01
19025, 5.0813049e-02
19050, 1.6450930e-03
19075, 1.3057851e-01
19100, 2.0204223e-01
19125, 1.5375353e-01
19150, 9.4501454e-03
19175, 5.5879445e-03
19200, 7.4914801e-03
19225, 4.9161540e-02
19250, 1.9661367e-02
19275, 1.3788744e-03
19300, 9.9840832e-06
19325, 4.2812568e-04
19350, 2.2943950e-01
19375, 5.1045825e-01
19400, 4.9064797e-01
19425, 4.0896187e-04
19450, 1.7714697e-07
19475, 9.3428007e-06
19500, 2.4775559e-02
19525, 2.5521874e-01
19550, 2.0563350e-01
19575, 4.6437377e-01
19600, 1.2794637e-01
19625, 3.5192364e-01
19650, 2.8291624e-02
19675, 1.0419755e-02
19700, 3.6903308e-04
19725, 2.2663604e-02
19750, 9.2123205e-01
19775, 2.7807795e-01
19800, 1.2758459e-03
19825, 8.6019814e-02
19850, 2.5812434e-02
19875, 9.2535849e-01
19900, 3.3549958e-02
19925, 8.2708963e-03
19950, 1.8609230e-01
19975, 9.7218033e-01
20000, 9.9999947e-01
20025, 9.9998049e-01
20050, 9.7859095e-01
20075, 2.8303982e-01
20100, 1.2881560e-01
20125, 1.8434675e-01
20150, 1.7747691e-01
20175, 1.5235503e-02
20200, 4.9213408e-01
20225, 8.2767735e-02
20250, 2.1137317e-02
20275, 1.0701665e-02
20300, 3.7621613e-01
20325, 7.8045534e-01
20350, 9.2324945e-01
20375, 6.6665923e-01
20400, 2.2594731e-01
20425, 3.5271021e-01
20450, 5.7223413e-01
20475, 2.1544827e-01
20500, 7.0595801e-02
20525, 1.3597484e-01
20550, 6.8831561e-01
20575, 5.7006673e-02
20600, 1.0677558e-01
20625, 2.0055233e-02
20650, 3.3309829e-01
20675, 3.7863397e-01
20700, 8.9355559e-01
20725, 3.5954441e-01
20750, 2.1994938e-01
20775, 2.5815440e-01
20800, 6.0569606e-01
20825, 1.4609655e-02
20850, 1.9976377e-02
20875, 7.9880547e-04
20900, 8.8215470e-01
20925, 9.9998757e-01
20950, 1.0000000e+00
20975, 9.7790367e-01
21000, 2.9454362e-01
21025, 1.5523025e-01
21050, 4.8617698e-03
21075, 1.3336471e-01
21100, 1.7893539e-01
21125, 1.1767102e-01
21150, 4.1311834e-03
21175, 3.3874186e-03
21200, 5.7039990e-05
21225, 3.1124564e-05
21250, 7.5923353e-04
21275, 8.8523962e-05
21300, 7.2932408e-04
21325, 1.4065292e-02
21350, 2.9111016e-01
21375, 6.7305641e-01
21400, 6.4894697e-01
21425, 2.7277918e-02
21450, 1.0923662e-01
21475, 1.7033668e-01
21500, 9.8478737e-01
21525, 9.6862883e-01
21550, 7.5123173e-01
21575, 6.7333871e-01
21600, 3.0484311e-01
21625, 4.2146491e-01
21650, 4.0831267e-02
21675, 2.2833878e-01
21700, 2.0921513e-01
21725, 7.6278144e-01
21750, 1.0444845e-01
21775, 1.0382262e-01
21800, 1.4384352e-01
21825, 3.9331457e-01
21850, 1.4730548e-01
21875, 1.1314714e-01
21900, 3.1311083e-01
21925, 2.2674298e-01
21950, 3.5632631e-01
21975, 2.2677437e-01
22000, 1.0129802e-01
22025, 3.7818814e-01
22050, 6.2755601e-01
22075, 1.7934656e-01
22100, 1.2387900e-01
22125, 7.4710017e-03
22150, 2.0495287e-02
22175, 1.0200870e-02
22200, 9.0176617e-03
22225, 1.3732191e-04
22250, 8.3506296e-07
22275, 2.4302151e-05
22300, 7.1560430e-05
22325, 3.9820940e-02
22350, 2.1316813e-01
22375, 1.8506322e-01
22400, 4.5119385e-01
22425, 9.4421717e-01
22450, 9.4421717e-01
22475, 9.9998308e-01
22500, 9.8490368e-01
22525, 9.8543767e-01
22550, 9.9582093e-01
22575, 4.2538435e-01
22600, 6.4282135e-01
22625, 1.0313972e-01
22650, 5.3950081e-02
22675, 2.6117312e-01
22700, 7.4309014e-01
22725, 5.5212377e-01
22750, 6.4502118e-01
22775, 8.9662484e-02
22800, 1.1971358e-01
22825, 1.7823703e-02
22850, 9.5080194e-01
22875, 8.1188263e-01
22900, 6.7779395e-01
22925, 4.5783306e-01
22950, 5.0913003e-01
22975, 3.5544540e-01
23000, 6.7481695e-01
23025, 4.3958423e-01
23050, 4.2753202e-02
23075, 1.4902998e-01
23100, 7.1106011e-02
23125, 2.1079264e-01
23150, 6.8977777e-02
23175, 1.5727083e-03
23200, 2.7637176e-04
23225, 3.8471129e-04
23250, 7.1073380e-04
23275, 3.5180469e-02
23300, 8.2043268e-01
23325, 9.1402404e-01
23350, 9.7949582e-01
23375, 9.9781560e-01
23400, 9.9993751e-01
23425, 9.9192747e-01
23450, 9.9875438e-01
23475, 9.8752147e-01
23500, 7.8446670e-01
23525, 5.4220608e-01
23550, 3.4399098e-01
23575, 3.4618643e-01
23600, 5.9838303e-01
23625, 2.0356099e-01
23650, 6.0962660e-01
23675, 5.5499864e-01
23700, 4.8026142e-01
23725, 5.0389369e-01
23750, 3.7198753e-02
23775, 1.2435222e-01
23800, 3.1227061e-01
23825, 9.1159821e-01
23850, 3.0375665e-01
23875, 4.8575011e-01
23900, 5.6379854e-01
23925, 6.5741011e-01
23950, 6.2879740e-01
23975, 2.1131130e-01
24000, 2.8681487e-01
24025, 3.2585133e-01
24050, 7.3940210e-01
24075, 7.6698344e-02
24100, 4.1800629e-02
24125, 6.4321512e-03
24150, 2.5016836e-03
24175, 4.0176531e-02
24200, 6.2655139e-02
24225, 4.7741922e-02
24250, 4.4403648e-02
24275, 2.6405292e-03
24300, 1.6056303e-03
24325, 6.4955735e-02
24350, 4.4938866e-02
24375, 1.5877580e-01
24400, 2.3232901e-01
24425, 6.3186602e-01
24450, 1.9359680e-01
24475, 4.2471829e-02
24500, 4.4048035e-01
24525, 2.7073684e-01
24550, 4.4605421e-02
24575, 2.6379289e-02
24600, 3.0363220e-03
24625, 1.2495964e-01
24650, 2.9961482e-01
24675, 4.6201917e-01
24700, 3.2069493e-02
24725, 5.1386136e-02
24750, 3.4263796e-01
24775, 3.2323707e-01
24800, 1.4758965e-02
24825, 7.8266079e-04
24850, 1.2913026e-03
24875, 8.8729992e-03
24900, 3.8368439e-02
24925, 4.5432330e-01
24950, 8.5703853e-01
24975, 9.8923833e-01
25000, 9.1183100e-01
25025, 8.5295958e-01
25050, 7.6785997e-01
25075, 8.1856706e-01
25100, 8.4964354e-01
25125, 9.3834329e-01
25150, 9.0081548e-01
25175, 8.3141067e-01
25200, 6.8528376e-01
25225, 4.0611131e-01
25250, 2.8497949e-01
25275, 4.5501582e-01
25300, 2.9082452e-01
25325, 3.4350344e-01
25350, 6.3291537e-01
25375, 7.5325610e-01
25400, 5.0536343e-01
25425, 6.6551743e-01
25450, 3.0300760e-01
25475, 3.6659363e-01
25500, 1.7291571e-01
25525, 6.0772937e-02
25550, 7.0308011e-02
25575, 2.8457183e-01
25600, 4.2791336e-01
25625, 5.2396975e-01
25650, 8.5425662e-01
25675, 8.6039080e-01
25700, 8.4936715e-01
25725, 5.7292309e-01
25750, 6.5773559e-02
25775, 7.6043916e-03
25800, 1.2146204e-04
25825, 1.8038832e-04
25850, 3.3071155e-04
25875, 1.8968659e-02
25900, 9.2511900e-02
25925, 6.7304219e-02
25950, 4.9513857e-02
25975, 9.0405988e-03
26000, 8.0518480e-02
26025, 2.4111040e-01
26050, 1.7572811e-01
26075, 4.4982324e-01
26100, 5.3611173e-01
26125, 1.0833106e-01
26150, 9.4010280e-02
26175, 5.0943981e-02
26200, 8.6767097e-03
26225, 8.0873320e-02
26250, 3.7545821e-02
26275, 4.8125104e-01
26300, 1.5427317e-01
26325, 2.1723241e-01
26350, 3.9865911e-01
26375, 4.7223544e-01
26400, 3.3509808e-01
26425, 6.2844507e-02
26450, 3.7069725e-02
26475, 3.3107706e-02
26500, 2.1992034e-02
26525, 4.3700861e-02
26550, 2.2494602e-01
26575, 2.5890970e-01
26600, 3.6929517e-01
26625, 4.4261385e-01
26650, 3.1038156e-01
26675, 6.1521471e-02
26700, 2.3587147e-01
26725, 1.1407496e-01
26750, 5.1122849e-02
26775, 4.1788975e-02
26800, 9.9481556e-02
26825, 2.8648477e-02
26850, 5.7529808e-02
26875, 7.7865192e-02
26900, 1.5040701e-02
26925, 2.2249977e-03
26950, 9.0282262e-02
26975, 2.8071363e-01
27000, 4.1533157e-01
27025, 6.1262303e-02
27050, 4.7348097e-02
27075, 2.4269925e-01
27100, 1.9527344e-02
27125, 4.1788145e-03
27150, 8.0842129e-02
27175, 3.6495277e-02
27200, 5.7290668e-01
27225, 2.1644367e-01
27250, 8.8264255e-01
27275, 1.4326465e-02
27300, 3.9260622e-01
27325, 9.5279967e-01
27350, 9.6837598e-01
27375, 9.9021019e-01
27400, 5.5373699e-01
27425, 5.0102490e-01
27450, 8.2512666e-01
27475, 9.7538965e-01
27500, 9.9509320e-01
27525, 6.8391319e-01
27550, 7.1648360e-02
27575, 7.6079463e-03
27600, 9.9949275e-02
27625, 1.3764351e-01
27650, 3.2173738e-02
27675, 5.4945229e-03
27700, 3.6922371e-03
27725, 1.5263342e-02
27750, 1.4281663e-01
27775, 1.3981552e-01
27800, 3.2005184e-01
27825, 2.4143723e-01
27850, 1.7626183e-01
27875, 4.3948258e-01
27900, 3.9260268e-01
27925, 1.3258338e-01
27950, 1.9260120e-02
27975, 2.4272296e-02
28000, 4.7795517e-02
28025, 6.1612943e-02
28050, 4.9754703e-01
28075, 3.6551584e-01
28100, 7.5891484e-01
28125, 9.4930541e-01
28150, 8.0024448e-01
28175, 4.4192882e-01
28200, 2.4477731e-01
28225, 1.8511742e-01
28250, 3.3771702e-01
28275, 9.9987751e-01
28300, 9.9992084e-01
28325, 9.9953483e-01
28350, 9.2728138e-01
28375, 4.2177079e-01
28400, 9.5224524e-01
28425, 9.4828158e-01
28450, 9.0465019e-01
28475, 5.3664265e-01
28500, 3.1326748e-03
28525, 7.2371564e-04
28550, 2.2404977e-03
28575, 5.3028668e-02
28600, 8.6400761e-02
28625, 2.6337771e-03
28650, 5.9788821e-03
28675, 1.0556122e-01
28700, 1.6307526e-01
28725, 2.9015877e-01
28750, 2.8898307e-01
28775, 6.4706787e-01
28800, 3.3541993e-01
28825, 3.3773387e-01
28850, 7.1492452e-01
28875, 3.8373358e-01
28900, 4.6481485e-01
28925, 3.4903590e-01
28950, 6.7156517e-01
28975, 5.4390515e-02
29000, 8.5053607e-01
29025, 9.2017209e-01
29050, 5.6894533e-01
29075, 3.5363751e-01
29100, 5.7834578e-02
29125, 7.0014824e-03
29150, 3.9305705e-03
29175, 3.8388999e-01
29200, 7.6760713e-01
29225, 9.9934375e-01
29250, 9.9606269e-01
29275, 5.2610613e-01
29300, 3.8618301e-01
29325, 2.3465977e-02
29350, 5.5916108e-02
29375, 2.7320595e-01
29400, 2.6163294e-01
29425, 3.8095581e-02
29450, 3.2544316e-03
29475, 4.1924754e-03
29500, 1.1841704e-03
29525, 8.9147758e-03
29550, 5.5570513e-03
29575, 4.5792047e-01
29600, 2.8536691e-02
29625, 1.4772813e-03
29650, 3.4113850e-02
29675, 2.8097836e-03
29700, 1.1343201e-01
29725, 4.6370730e-01
29750, 9.9180294e-01
29775, 9.8612730e-01
29800, 9.9688275e-01
29825, 9.9999561e-01
29850, 9.9980114e-01
29875, 9.9879839e-01
29900, 7.6041334e-01
29925, 9.9998162e-01
29950, 9.9999999e-01
29975, 1.0000000e+00
30000, 1.0000000e+00
30025, 1.0000000e+00
30050, 9.8027871e-01
30075, 4.4988404e-01
30100, 9.0352203e-02
30125, 3.1195499e-01
30150, 8.9473184e-01
30175, 9.0680029e-01
30200, 9.7171719e-01
30225, 9.8217296e-01
30250, 9.7449925e-01
30275, 9.9582930e-01
30300, 4.9766532e-01
30325, 5.0279109e-01
30350, 3.2746201e-01
30375, 7.2121408e-02
30400, 7.5491486e-03
30425, 3.0235324e-02
30450, 1.8944600e-01
30475, 4.4838766e-02
30500, 3.8447033e-01
30525, 2.6284954e-01
30550, 4.2352633e-01
30575, 3.9655983e-02
30600, 3.6717050e-02
30625, 2.4919963e-01
30650, 1.9047918e-01
30675, 9.5494413e-01
30700, 9.9967313e-01
30725, 9.9994340e-01
30750, 9.7154942e-01
30775, 8.9440857e-01
30800, 8.4080328e-01
30825, 7.4345394e-01
30850, 8.0959074e-01
30875, 8.5497910e-01
30900, 9.9999907e-01
30925, 9.9132203e-01
30950, 7.0168730e-01
30975, 5.2196240e-01
31000, 5.4852943e-02
31025, 5.4260616e-04
31050, 3.3148349e-03
31075, 1.6065743e-01
31100, 1.3484409e-01
31125, 6.3724164e-02
31150, 4.2274860e-02
31175, 3.7299169e-01
31200, 5.5148901e-01
31225, 9.5359313e-01
31250, 9.7463935e-01
31275, 5.0561350e-01
31300, 7.2516110e-01
31325, 9.5281680e-02
31350, 2.1533639e-02
31375, 1.8153414e-01
31400, 2.5502450e-01
31425, 2.2958770e-01
31450, 7.6075587e-02
31475, 1.8491869e-02
31500, 1.3121201e-01
31525, 1.3188360e-01
31550, 1.7182350e-01
31575, 6.2278740e-02
31600, 7.2374975e-02
31625, 3.1971431e-01
31650, 9.3341444e-01
31675, 9.9666754e-01
31700, 9.6236368e-01
31725, 9.9991514e-01
31750, 1.0000000e+00
31775, 1.0000000e+00
31800, 1.0000000e+00
31825, 1.0000000e+00
31850, 1.0000000e+00
31875, 1.0000000e+00
31900, 1.0000000e+00
31925, 1.0000000e+00
31950, 1.0000000e+00
31975, 1.0000000e+00
32000, 1.0000000e+00
32025, 1.0000000e+00
32050, 1.0000000e+00
32075, 1.0000000e+00
32100, 1.0000000e+00
32125, 1.0000000e+00
32150, 1.0000000e+00
32175, 1.0000000e+00
32200, 1.0000000e+00
32225, 1.0000000e+00
32250, 1.0000000e+00
32275, 1.0000000e+00
32300, 1.0000000e+00
32325, 1.0000000e+00
32350, 1.0000000e+00
32375, 1.0000000e+00
32400, 1.0000000e+00
32425, 1.0000000e+00
32450, 1.0000000e+00
32475, 1.0000000e+00
32500, 1.0000000e+00
32525, 1.0000000e+00
32550, 1.0000000e+00
32575, 1.0000000e+00
32600, 1.0000000e+00
32625, 1.0000000e+00
32650, 1.0000000e+00
32675, 1.0000000e+00
32700, 1.0000000e+00
32725, 1.0000000e+00
32750, 1.0000000e+00
32775, 1.0000000e+00
32800, 1.0000000e+00
32825, 1.0000000e+00
32850, 1.0000000e+00
32875, 1.0000000e+00
32900, 1.0000000e+00
32925, 1.0000000e+00
32950, 1.0000000e+00
32975, 1.0000000e+00
33000, 1.0000000e+00
33025, 1.0000000e+00
33050, 1.0000000e+00
33075, 1.0000000e+00
33100, 1.0000000e+00
33125, 1.0000000e+00
33150, 1.0000000e+00
33175, 1.0000000e+00
33200, 1.0000000e+00
33225, 1.0000000e+00
33250, 1.0000000e+00
33275, 1.0000000e+00
33300, 1.0000000e+00
33325, 1.0000000e+00
33350, 1.0000000e+00
33375, 1.0000000e+00
33400, 1.0000000e+00
33425, 1.0000000e+00
33450, 1.0000000e+00
33475, 1.0000000e+00
33500, 1.0000000e+00
33525, 1.0000000e+00
33550, 1.0000000e+00
33575, 1.0000000e+00
33600, 1.0000000e+00
33625, 1.0000000e+00
33650, 1.0000000e+00
33675, 1.0000000e+00
33700, 1.0000000e+00
33725, 1.0000000e+00
33750, 1.0000000e+00
33775, 1.0000000e+00
33800, 1.0000000e+00
33825, 1.0000000e+00
33850, 1.0000000e+00
33875, 1.0000000e+00
33900, 1.0000000e+00
33925, 1.0000000e+00
33950, 1.0000000e+00
33975, 1.0000000e+00
34000, 1.0000000e+00
34025, 1.0000000e+00
34050, 1.0000000e+00
34075, 1.0000000e+00
34100, 1.0000000e+00
34125, 1.0000000e+00
34150, 1.0000000e+00
34175, 1.0000000e+00
34200, 1.0000000e+00
34225, 1.0000000e+00
34250, 1.0000000e+00
34275, 1.0000000e+00
34300, 1.0000000e+00
34325, 1.0000000e+00
34350, 1.0000000e+00
34375, 1.0000000e+00
34400, 1.0000000e+00
34425, 1.0000000e+00
34450, 1.0000000e+00
34475, 1.0000000e+00
34500, 1.0000000e+00
34525, 1.0000000e+00
34550, 1.0000000e+00
34575, 1.0000000e+00
34600, 1.0000000e+00
34625, 1.0000000e+00
34650, 1.0000000e+00
34675, 1.0000000e+00
34700, 1.0000000e+00
34725, 1.0000000e+00
34750, 1.0000000e+00
34775, 1.0000000e+00
34800, 1.0000000e+00
34825, 1.0000000e+00
34850, 1.0000000e+00
34875, 1.0000000e+00
34900, 1.0000000e+00
34925, 1.0000000e+00
34950, 1.0000000e+00
34975, 1.0000000e+00
35000, 1.0000000e+00
35025, 1.0000000e+00
35050, 1.0000000e+00
35075, 1.0000000e+00
35100, 1.0000000e+00
35125, 1.0000000e+00
35150, 1.0000000e+00
35175, 1.0000000e+00
35200, 1.0000000e+00
35225, 1.0000000e+00
35250, 1.0000000e+00
35275, 1.0000000e+00
35300, 1.0000000e+00
35325, 1.0000000e+00
35350, 1.0000000e+00
35375, 1.0000000e+00
35400, 1.0000000e+00
35425, 1.0000000e+00
35450, 1.0000000e+00
35475, 1.0000000e+00
35500, 1.0000000e+00
35525, 1.0000000e+00
35550, 1.0000000e+00
35575, 1.0000000e+00
35600, 1.0000000e+00
35625, 1.0000000e+00
35650, 1.0000000e+00
35675, 1.0000000e+00
35700, 1.0000000e+00
35725, 1.0000000e+00
35750, 1.0000000e+00
35775, 1.0000000e+00
35800, 1.0000000e+00
35825, 1.0000000e+00
35850, 1.0000000e+00
35875, 1.0000000e+00
35900, 1.0000000e+00
35925, 1.0000000e+00
35950, 1.0000000e+00
35975, 1.0000000e+00
36000, 1.0000000e+00
36025, 1.0000000e+00
36050, 1.0000000e+00
36075, 1.0000000e+00
36100, 1.0000000e+00
36125, 1.0000000e+00
36150, 1.0000000e+00
36175, 1.0000000e+00
36200, 1.0000000e+00
36225, 1.0000000e+00
36250, 1.0000000e+00
36275, 1.0000000e+00
36300, 1.0000000e+00
36325, 1.0000000e+00
36350, 1.0000000e+00
36375, 1.0000000e+00
36400, 1.0000000e+00
36425, 1.0000000e+00
36450, 1.0000000e+00
36475, 1.0000000e+00
36500, 1.0000000e+00
36525, 1.0000000e+00
36550, 1.0000000e+00
36575, 1.0000000e+00
36600, 1.0000000e+00
36625, 1.0000000e+00
36650, 1.0000000e+00
36675, 1.0000000e+00
36700, 1.0000000e+00
36725, 1.0000000e+00
36750, 1.0000000e+00
36775, 1.0000000e+00
36800, 1.0000000e+00
36825, 1.0000000e+00
36850, 1.0000000e+00
36875, 1.0000000e+00
36900, 1.0000000e+00
36925, 1.0000000e+00
36950, 1.0000000e+00
36975, 1.0000000e+00
37000, 1.0000000e+00
37025, 1.0000000e+00
37050, 1.0000000e+00
37075, 1.0000000e+00
37100, 1.0000000e+00
37125, 1.0000000e+00
37150, 9.9999719e-01
37175, 1.0000000e+00
37200, 1.0000000e+00
37225, 1.0000000e+00
37250, 9.9998963e-01
37275, 1.0000000e+00
37300, 1.0000000e+00
37325, 1.0000000e+00
37350, 1.0000000e+00
37375, 1.0000000e+00
37400, 1.0000000e+00
37425, 1.0000000e+00
37450, 1.0000000e+00
37475, 1.0000000e+00
37500, 1.0000000e+00
37525, 1.0000000e+00
37550, 1.0000000e+00
37575, 1.0000000e+00
37600, 1.0000000e+00
37625, 1.0000000e+00
37650, 1.0000000e+00
37675, 1.0000000e+00
37700, 1.0000000e+00
37725, 1.0000000e+00
37750, 1.0000000e+00
37775, 1.0000000e+00
37800, 1.0000000e+00
37825, 1.0000000e+00
37850, 9.9999973e-01
37875, 1.0000000e+00
37900, 9.9999996e-01
37925, 9.9558753e-01
37950, 9.4808043e-01
37975, 9.9810284e-01
38000, 9.9999584e-01
38025, 1.0000000e+00
38050, 9.9557450e-01
38075, 1.0000000e+00
38100, 1.0000000e+00
38125, 9.9999998e-01
38150, 1.0000000e+00
38175, 1.0000000e+00
38200, 1.0000000e+00
38225, 1.0000000e+00
38250, 1.0000000e+00
38275, 1.0000000e+00
38300, 1.0000000e+00
38325, 1.0000000e+00
38350, 1.0000000e+00
38375, 1.0000000e+00
38400, 1.0000000e+00
38425, 1.0000000e+00
38450, 1.0000000e+00
38475, 1.0000000e+00
38500, 1.0000000e+00
38525, 1.0000000e+00
38550, 1.0000000e+00
38575, 1.0000000e+00
38600, 1.0000000e+00
38625, 1.0000000e+00
38650, 1.0000000e+00
38675, 1.0000000e+00
38700, 1.0000000e+00
38725, 1.0000000e+00
38750, 1.0000000e+00
38775, 1.0000000e+00
38800, 1.0000000e+00
38825, 1.0000000e+00
38850, 1.0000000e+00
38875, 1.0000000e+00
38900, 1.0000000e+00
38925, 1.0000000e+00
38950, 1.0000000e+00
38975, 1.0000000e+00
39000, 1.0000000e+00
39025, 1.0000000e+00
39050, 1.0000000e+00
39075, 1.0000000e+00
39100, 1.0000000e+00
39125, 1.0000000e+00
39150, 1.0000000e+00
39175, 1.0000000e+00
39200, 1.0000000e+00
39225, 1.0000000e+00
39250, 1.0000000e+00
39275, 1.0000000e+00
39300, 1.0000000e+00
39325, 1.0000000e+00
39350, 1.0000000e+00
39375, 1.0000000e+00
39400, 1.0000000e+00
39425, 1.0000000e+00
39450, 1.0000000e+00
39475, 1.0000000e+00
39500, 1.0000000e+00
39525, 9.9998042e-01
39550, 1.0000000e+00
39575, 1.0000000e+00
39600, 1.0000000e+00
39625, 1.0000000e+00
39650, 9.9999998e-01
39675, 9.9995134e-01
39700, 9.3913906e-01
39725, 3.0642388e-02
39750, 3.2583919e-03
39775, 4.1156785e-03
39800, 2.7606797e-01
39825, 5.8725916e-01
39850, 2.6634042e-02
39875, 2.3102146e-02
39900, 4.0533528e-04
39925, 6.9752225e-03
39950, 2.8386882e-03
39975, 1.0871977e-02
40000, 1.0321312e-02
40025, 6.1429375e-02
40050, 8.6362333e-01
40075, 3.3253247e-01
40100, 6.2798967e-01
40125, 9.9998935e-01
40150, 1.0000000e+00
40175, 9.9999747e-01
40200, 9.7964317e-01
40225, 6.1703683e-01
40250, 3.1611618e-01
40275, 8.6534460e-01
40300, 9.9999965e-01
40325, 9.2497286e-01
40350, 9.3430515e-01
40375, 9.1961895e-01
40400, 9.9999826e-01
40425, 9.9999631e-01
40450, 9.8782670e-01
40475, 9.9847418e-01
40500, 6.4786178e-01
40525, 1.3741075e-01
40550, 2.8437957e-01
40575, 3.3989406e-01
40600, 2.6081679e-02
40625, 9.1646183e-01
40650, 9.7583236e-01
40675, 7.0769098e-01
40700, 9.8941349e-01
40725, 9.7910465e-01
40750, 9.9548003e-01
40775, 9.9672804e-01
40800, 9.8097496e-01
40825, 1.4248541e-01
40850, 5.6378852e-01
40875, 6.9320410e-01
40900, 9.2137563e-01
40925, 6.4171793e-01
40950, 6.5901466e-01
40975, 4.2646777e-01
41000, 9.0984478e-03
41025, 9.4608359e-04
41050, 1.4030350e-01
41075, 9.2412003e-01
41100, 9.9546758e-01
41125, 9.8868468e-01
41150, 6.5957907e-01
41175, 7.5261184e-01
41200, 1.6217389e-01
41225, 9.5832269e-01
41250, 9.9999979e-01
41275, 1.0000000e+00
41300, 1.0000000e+00
41325, 1.0000000e+00
41350, 1.0000000e+00
41375, 1.0000000e+00
41400, 1.0000000e+00
41425, 1.0000000e+00
41450, 1.0000000e+00
41475, 1.0000000e+00
41500, 1.0000000e+00
41525, 1.0000000e+00
41550, 1.0000000e+00
41575, 1.0000000e+00
41600, 1.0000000e+00
41625, 1.0000000e+00
41650, 1.0000000e+00
41675, 1.0000000e+00
41700, 1.0000000e+00
41725, 1.0000000e+00
41750, 1.0000000e+00
41775, 1.0000000e+00
41800, 1.0000000e+00
41825, 1.0000000e+00
41850, 1.0000000e+00
41875, 1.0000000e+00
41900, 1.0000000e+00
41925, 1.0000000e+00
41950, 1.0000000e+00
41975, 1.0000000e+00
42000, 1.0000000e+00
42025, 1.0000000e+00
42050, 1.0000000e+00
42075, 1.0000000e+00
42100, 1.0000000e+00
42125, 1.0000000e+00
42150, 1.0000000e+00
42175, 1.0000000e+00
42200, 1.0000000e+00
42225, 1.0000000e+00
42250, 1.0000000e+00
42275, 1.0000000e+00
42300, 1.0000000e+00
42325, 1.0000000e+00
42350, 1.0000000e+00
42375, 1.0000000e+00
42400, 1.0000000e+00
42425, 1.0000000e+00
42450, 1.0000000e+00
42475, 1.0000000e+00
42500, 1.0000000e+00
42525, 1.0000000e+00
42550, 1.0000000e+00
42575, 1.0000000e+00
42600, 1.0000000e+00
42625, 1.0000000e+00
42650, 1.0000000e+00
42675, 1.0000000e+00
42700, 1.0000000e+00
42725, 1.0000000e+00
42750, 1.0000000e+00
42775, 1.0000000e+00
42800, 1.0000000e+00
42825, 1.0000000e+00
42850, 1.0000000e+00
42875, 1.0000000e+00
42900, 1.0000000e+00
42925, 1.0000000e+00
42950, 1.0000000e+00
42975, 1.0000000e+00
43000, 1.0000000e+00
43025, 1.0000000e+00
43050, 1.0000000e+00
43075, 1.0000000e+00
43100, 1.0000000e+00
43125, 1.0000000e+00
43150, 1.0000000e+00
43175, 1.0000000e+00
43200, 1.0000000e+00
43225, 1.0000000e+00
43250, 1.0000000e+00
43275, 1.0000000e+00
43300, 1.0000000e+00
43325, 1.0000000e+00
43350, 1.0000000e+00
43375, 1.0000000e+00
43400, 1.0000000e+00
43425, 1.0000000e+00
43450, 1.0000000e+00
43475, 1.0000000e+00
43500, 1.0000000e+00
43525, 1.0000000e+00
43550, 1.0000000e+00
43575, 1.0000000e+00
43600, 1.0000000e+00
43625, 1.0000000e+00
43650, 1.0000000e+00
43675, 1.0000000e+00
43700, 1.0000000e+00
43725, 1.0000000e+00
43750, 1.0000000e+00
43775, 1.0000000e+00
43800, 1.0000000e+00
43825, 1.0000000e+00
43850, 1.0000000e+00
43875, 1.0000000e+00
43900, 1.0000000e+00
43925, 1.0000000e+00
43950, 1.0000000e+00
43975, 1.0000000e+00
44000, 1.0000000e+00
44025, 1.0000000e+00
44050, 1.0000000e+00
44075, 1.0000000e+00
44100, 1.0000000e+00
44125, 1.0000000e+00
44150, 1.0000000e+00
44175, 1.0000000e+00
44200, 1.0000000e+00
44225, 1.0000000e+00
44250, 1.0000000e+00
44275, 1.0000000e+00
44300, 1.0000000e+00
44325, 1.0000000e+00
44350, 1.0000000e+00
44375, 1.0000000e+00
44400, 1.0000000e+00
44425, 1.0000000e+00
44450, 1.0000000e+00
44475, 1.0000000e+00
44500, 1.0000000e+00
44525, 1.0000000e+00
44550, 1.0000000e+00
44575, 1.0000000e+00
44600, 1.0000000e+00
44625, 1.0000000e+00
44650, 1.0000000e+00
44675, 1.0000000e+00
44700, 1.0000000e+00
44725, 1.0000000e+00
44750, 1.0000000e+00
44775, 1.0000000e+00
44800, 1.0000000e+00
44825, 1.0000000e+00
44850, 1.0000000e+00
44875, 1.0000000e+00
44900, 1.0000000e+00
44925, 1.0000000e+00
44950, 1.0000000e+00
44975, 1.0000000e+00
45000, 1.0000000e+00
45025, 1.0000000e+00
45050, 1.0000000e+00
45075, 1.0000000e+00
45100, 1.0000000e+00
45125, 1.0000000e+00
45150, 1.0000000e+00
45175, 1.0000000e+00
45200, 1.0000000e+00
45225, 1.0000000e+00
45250, 1.0000000e+00
45275, 1.0000000e+00
45300, 1.0000000e+00
45325, 1.0000000e+00
45350, 1.0000000e+00
45375, 1.0000000e+00
45400, 1.0000000e+00
45425, 1.0000000e+00
45450, 1.0000000e+00
45475, 1.0000000e+00
45500, 9.9844617e-01
45525, 9.9918544e-01
45550, 9.9894707e-01
45575, 9.9953768e-01
45600, 9.9953768e-01
45625, 9.9851019e-01
45650, 1.0000000e+00
45675, 1.0000000e+00
45700, 1.0000000e+00
45725, 1.0000000e+00
45750, 1.0000000e+00
45775, 1.0000000e+00
45800, 1.0000000e+00
45825, 1.0000000e+00
45850, 1.0000000e+00
45875, 1.0000000e+00
45900, 1.0000000e+00
45925, 1.0000000e+00
45950, 1.0000000e+00
45975, 1.0000000e+00
46000, 1.0000000e+00
46025, 1.0000000e+00
46050, 1.0000000e+00
46075, 1.0000000e+00
46100, 1.0000000e+00
46125, 1.0000000e+00
46150, 1.0000000e+00
46175, 1.0000000e+00
46200, 1.0000000e+00
46225, 1.0000000e+00
46250, 1.0000000e+00
46275, 1.0000000e+00
46300, 1.0000000e+00
46325, 1.0000000e+00
46350, 1.0000000e+00
46375, 1.0000000e+00
46400, 1.0000000e+00
46425, 1.0000000e+00
46450, 1.0000000e+00
46475, 1.0000000e+00
46500, 1.0000000e+00
46525, 1.0000000e+00
46550, 1.0000000e+00
46575, 1.0000000e+00
46600, 1.0000000e+00
46625, 1.0000000e+00
46650, 1.0000000e+00
46675, 1.0000000e+00
46700, 1.0000000e+00
46725, 1.0000000e+00
46750, 1.0000000e+00
46775, 1.0000000e+00
46800, 1.0000000e+00
46825, 1.0000000e+00
46850, 1.0000000e+00
46875, 1.0000000e+00
46900, 1.0000000e+00
46925, 1.0000000e+00
46950, 1.0000000e+00
46975, 1.0000000e+00
47000, 1.0000000e+00
47025, 1.0000000e+00
47050, 1.0000000e+00
47075, 1.0000000e+00
47100, 1.0000000e+00
47125, 1.0000000e+00
47150, 1.0000000e+00
47175, 1.0000000e+00
47200, 1.0000000e+00
47225, 1.0000000e+00
47250, 1.0000000e+00
47275, 1.0000000e+00
47300, 9.9999905e-01
47325, 1.0000000e+00
47350, 9.9845076e-01
47375, 5.0712401e-02
47400, 9.8623389e-01
47425, 9.3584439e-01
47450, 7.3693352e-01
47475, 9.5715370e-01
47500, 9.6360338e-01
47525, 2.9798021e-01
47550, 3.3365034e-01
47575, 4.0422697e-01
47600, 4.7845776e-02
47625, 4.2992696e-01
47650, 1.4151487e-01
47675, 4.4720898e-01
47700, 5.1794677e-01
47725, 7.8434755e-01
47750, 7.8434755e-01
47775, 7.8434755e-01
47800, 7.8434755e-01
47825, 7.8434755e-01
47850, 6.0279251e-01
47875, 8.1031952e-01
47900, 8.9629478e-01
47925, 7.2914337e-01
47950, 3.9697429e-01
47975, 8.7334117e-01
48000, 9.9991072e-01
48025, 1.0000000e+00
48050, 1.0000000e+00
48075, 1.0000000e+00
48100, 1.0000000e+00
48125, 1.0000000e+00
48150, 1.0000000e+00
48175, 1.0000000e+00
48200, 1.0000000e+00
48225, 1.0000000e+00
48250, 1.0000000e+00
48275, 1.0000000e+00
48300, 1.0000000e+00
48325, 1.0000000e+00
48350, 1.0000000e+00
48375, 1.0000000e+00
48400, 1.0000000e+00
48425, 1.0000000e+00
48450, 1.0000000e+00
48475, 1.0000000e+00
48500, 1.0000000e+00
48525, 1.0000000e+00
48550, 1.0000000e+00
48575, 1.0000000e+00
48600, 1.0000000e+00
48625, 1.0000000e+00
48650, 1.0000000e+00
48675, 1.0000000e+00
48700, 1.0000000e+00
48725, 1.0000000e+00
48750, 1.0000000e+00
48775, 1.0000000e+00
48800, 1.0000000e+00
48825, 1.0000000e+00
48850, 1.0000000e+00
48875, 1.0000000e+00
48900, 1.0000000e+00
48925, 1.0000000e+00
48950, 1.0000000e+00
48975, 1.0000000e+00
49000, 1.0000000e+00
49025, 1.0000000e+00
49050, 1.0000000e+00
49075, 1.0000000e+00
49100, 1.0000000e+00
49125, 1.0000000e+00
49150, 1.0000000e+00
49175, 1.0000000e+00
49200, 1.0000000e+00
49225, 1.0000000e+00
49250, 1.0000000e+00
49275, 1.0000000e+00
49300, 1.0000000e+00
49325, 1.0000000e+00
49350, 1.0000000e+00
49375, 1.0000000e+00
49400, 1.0000000e+00
49425, 1.0000000e+00
49450, 1.0000000e+00
49475, 1.0000000e+00
49500, 1.0000000e+00
49525, 1.0000000e+00
49550, 1.0000000e+00
49575, 1.0000000e+00
49600, 1.0000000e+00
49625, 1.0000000e+00
49650, 1.0000000e+00
49675, 1.0000000e+00
49700, 1.0000000e+00
49725, 1.0000000e+00
49750, 1.0000000e+00
49775, 1.0000000e+00
49800, 1.0000000e+00
49825, 1.0000000e+00
49850, 1.0000000e+00
49875, 1.0000000e+00
49900, 1.0000000e+00
49925, 1.0000000e+00
49950, 1.0000000e+00
49975, 1.0000000e+00
50000, 1.0000000e+00
50025, 1.0000000e+00
50050, 1.0000000e+00
50075, 1.0000000e+00
50100, 1.0000000e+00
50125, 1.0000000e+00
50150, 1.0000000e+00
50175, 1.0000000e+00
50200, 1.0000000e+00
50225, 1.0000000e+00
50250, 1.0000000e+00
50275, 1.0000000e+00
50300, 1.0000000e+00
50325, 1.0000000e+00
50350, 1.0000000e+00
50375, 1.0000000e+00
50400, 1.0000000e+00
50425, 1.0000000e+00
50450, 1.0000000e+00
50475, 1.0000000e+00
50500, 1.0000000e+00
50525, 1.0000000e+00
50550, 1.0000000e+00
50575, 1.0000000e+00
50600, 1.0000000e+00
50625, 1.0000000e+00
50650, 1.0000000e+00
50675, 1.0000000e+00
50700, 1.0000000e+00
50725, 1.0000000e+00
50750, 1.0000000e+00
50775, 1.0000000e+00
50800, 1.0000000e+00
50825, 1.0000000e+00
50850, 1.0000000e+00
50875, 1.0000000e+00
50900, 1.0000000e+00
50925, 1.0000000e+00
50950, 1.0000000e+00
50975, 1.0000000e+00
51000, 1.0000000e+00
51025, 1.0000000e+00
51050, 1.0000000e+00
51075, 1.0000000e+00
51100, 1.0000000e+00
51125, 1.0000000e+00
51150, 1.0000000e+00
51175, 1.0000000e+00
51200, 1.0000000e+00
51225, 1.0000000e+00
51250, 1.0000000e+00
51275, 1.0000000e+00
51300, 1.0000000e+00
51325, 1.0000000e+00
51350, 1.0000000e+00
51375, 1.0000000e+00
51400, 1.0000000e+00
51425, 1.0000000e+00
51450, 1.0000000e+00
51475, 1.0000000e+00
51500, 1.0000000e+00
51525, 1.0000000e+00
51550, 1.0000000e+00
51575, 1.0000000e+00
51600, 1.0000000e+00
51625, 1.0000000e+00
51650, 1.0000000e+00
51675, 1.0000000e+00
51700, 1.0000000e+00
51725, 1.0000000e+00
51750, 1.0000000e+00
51775, 1.0000000e+00
51800, 1.0000000e+00
51825, 1.0000000e+00
51850, 1.0000000e+00
51875, 1.0000000e+00
51900, 1.0000000e+00
51925, 1.0000000e+00
51950, 1.0000000e+00
51975, 1.0000000e+00
52000, 1.0000000e+00
52025, 1.0000000e+00
52050, 1.0000000e+00
52075, 1.0000000e+00
52100, 1.0000000e+00
52125, 1.0000000e+00
52150, 1.0000000e+00
52175, 1.0000000e+00
52200, 1.0000000e+00
52225, 1.0000000e+00
52250, 1.0000000e+00
52275, 1.0000000e+00
52300, 1.0000000e+00
52325, 1.0000000e+00
52350, 1.0000000e+00
52375, 1.0000000e+00
52400, 1.0000000e+00
52425, 1.0000000e+00
52450, 1.0000000e+00
52475, 1.0000000e+00
52500, 1.0000000e+00
52525, 1.0000000e+00
52550, 1.0000000e+00
52575, 1.0000000e+00
52600, 1.0000000e+00
52625, 1.0000000e+00
52650, 1.0000000e+00
52675, 1.0000000e+00
52700, 1.0000000e+00
52725, 1.0000000e+00
52750, 1.0000000e+00
52775, 1.0000000e+00
52800, 1.0000000e+00
52825, 1.0000000e+00
52850, 1.0000000e+00
52875, 1.0000000e+00
52900, 1.0000000e+00
52925, 1.0000000e+00
52950, 1.0000000e+00
52975, 1.0000000e+00
53000, 1.0000000e+00
53025, 1.0000000e+00
53050, 1.0000000e+00
53075, 1.0000000e+00
53100, 1.0000000e+00
53125, 1.0000000e+00
53150, 1.0000000e+00
53175, 1.0000000e+00
53200, 1.0000000e+00
53225, 1.0000000e+00
53250, 1.0000000e+00
53275, 1.0000000e+00
53300, 1.0000000e+00
53325, 1.0000000e+00
53350, 1.0000000e+00
53375, 1.0000000e+00
53400, 1.0000000e+00
53425, 1.0000000e+00
53450, 1.0000000e+00
53475, 1.0000000e+00
53500, 1.0000000e+00
53525, 1.0000000e+00
53550, 1.0000000e+00
53575, 1.0000000e+00
53600, 1.0000000e+00
53625, 1.0000000e+00
53650, 1.0000000e+00
53675, 1.0000000e+00
53700, 1.0000000e+00
53725, 1.0000000e+00
53750, 1.0000000e+00
53775, 1.0000000e+00
53800, 1.0000000e+00
53825, 1.0000000e+00
53850, 1.0000000e+00
53875, 1.0000000e+00
53900, 1.0000000e+00
53925, 1.0000000e+00
53950, 1.0000000e+00
53975, 1.0000000e+00
54000, 1.0000000e+00
54025, 1.0000000e+00
54050, 1.0000000e+00
54075, 1.0000000e+00
54100, 1.0000000e+00
54125, 1.0000000e+00
54150, 1.0000000e+00
54175, 1.0000000e+00
54200, 1.0000000e+00
54225, 1.0000000e+00
54250, 1.0000000e+00
54275, 1.0000000e+00
54300, 1.0000000e+00
54325, 1.0000000e+00
54350, 1.0000000e+00
54375, 1.0000000e+00
54400, 1.0000000e+00
54425, 1.0000000e+00
54450, 1.0000000e+00
54475, 1.0000000e+00
54500, 1.0000000e+00
54525, 1.0000000e+00
54550, 1.0000000e+00
54575, 1.0000000e+00
54600, 1.0000000e+00
54625, 1.0000000e+00
54650, 1.0000000e+00
54675, 1.0000000e+00
54700, 1.0000000e+00
54725, 1.0000000e+00
54750, 1.0000000e+00
54775, 1.0000000e+00
54800, 1.0000000e+00
54825, 1.0000000e+00
54850, 1.0000000e+00
54875, 1.0000000e+00
54900, 1.0000000e+00
54925, 1.0000000e+00
54950, 1.0000000e+00
54975, 1.0000000e+00
55000, 1.0000000e+00
55025, 1.0000000e+00
55050, 1.0000000e+00
55075, 1.0000000e+00
55100, 1.0000000e+00
55125, 1.0000000e+00
55150, 1.0000000e+00
55175, 1.0000000e+00
55200, 1.0000000e+00
55225, 1.0000000e+00
55250, 1.0000000e+00
55275, 1.0000000e+00
55300, 1.0000000e+00
55325, 1.0000000e+00
55350, 1.0000000e+00
55375, 1.0000000e+00
55400, 1.0000000e+00
55425, 1.0000000e+00
55450, 1.0000000e+00
55475, 1.0000000e+00
55500, 1.0000000e+00
55525, 1.0000000e+00
55550, 1.0000000e+00
55575, 1.0000000e+00
55600, 1.0000000e+00
55625, 1.0000000e+00
55650, 1.0000000e+00
55675, 1.0000000e+00
55700, 1.0000000e+00
55725, 1.0000000e+00
55750, 1.0000000e+00
55775, 1.0000000e+00
55800, 1.0000000e+00
55825, 1.0000000e+00
55850, 1.0000000e+00
55875, 1.0000000e+00
55900, 1.0000000e+00
55925, 1.0000000e+00
55950, 1.0000000e+00
55975, 1.0000000e+00
56000, 1.0000000e+00
56025, 1.0000000e+00
56050, 1.0000000e+00
56075, 1.0000000e+00
56100, 1.0000000e+00
56125, 1.0000000e+00
56150, 1.0000000e+00
56175, 1.0000000e+00
56200, 1.0000000e+00
56225, 1.0000000e+00
56250, 1.0000000e+00
56275, 1.0000000e+00
56300, 1.0000000e+00
56325, 1.0000000e+00
56350, 1.0000000e+00
56375, 1.0000000e+00
56400, 1.0000000e+00
56425, 1.0000000e+00
56450, 1.0000000e+00
56475, 1.0000000e+00
56500, 1.0000000e+00
56525, 1.0000000e+00
